Workbook

Sheet Utmutato
A1: DOUGHNATE – TARTALOMSABLON
A2: Mire való? | B2: Ebből a táblázatból olvassa be a játék minden szövegét és beállítását. Indításkor és néhány percenként frissíti magát.
A4: FÜLEK
A5: Kartyak | B5: „Tény vagy tévhit?” és „Normális vagy menj orvoshoz?” kártyák. KÖZZÉTENNI (CSV).
A6: Csuszkak | B6: „Tippeld meg a számot!” kérdések. KÖZZÉTENNI (CSV).
A7: Tenyek | B7: A kezdőképernyőn forgó, messziről olvasható tények. KÖZZÉTENNI (CSV).
A8: Feliratok | B8: Gombok, címek, visszajelzések szövegei. Üres szöveg = a játék beépített alapszövege jelenik meg. KÖZZÉTENNI (CSV).
A9: Zaro | B9: A záróképernyő QR-kódjai és linkjei. KÖZZÉTENNI (CSV).
A10: Beallitasok | B10: Számok: kártyák száma körönként, időzítések. KÖZZÉTENNI (CSV).
A11: Statisztika | B11: A tablet tölti ki automatikusan (Apps Script). NE szerkeszd, NE tedd közzé.
A12: Osszesites | B12: Képletek: lejátszott körök és a leggyakrabban elhibázott kártyák. NE tedd közzé.
A13: Utmutato | B13: Ez a fül. NE tedd közzé.
A15: SZABÁLYOK
A16: Fejléc | B16: Az első sor oszlopneveit ne írd át, ne töröld és ne cseréld fel – ezekből tudja a játék, mi hol van. Új oszlopot a végére tehetsz, azt a játék figyelmen kívül hagyja.
A17: Új sor | B17: Új kártyánál másold le egy meglévő sor formátumát, és adj neki új, egyedi id-t.
A18: id | B18: Minden sornak egyedi azonosító kell, szóköz nélkül (pl. K-001, CS-001, T-001, Z-001). A statisztika ezzel azonosítja a kártyát, ezért később ne változtasd meg.
A19: aktiv | B19: IGEN = szerepel a játékban, NEM = rejtve. Sort törlés helyett inkább kapcsolj NEM-re.
A20: Hibás sor | B20: A hiányos vagy hibás sort a játék kihagyja, nem omlik össze. Hibásnak számít: hiányzó id/szöveg, ismeretlen típus, a típushoz nem illő helyes válasz, csúszkánál nem szám érték, vagy ha a helyes érték kívül esik a min–max tartományon.
A21: Piros cella | B21: Túl hosszú szöveg (tableten nem fér ki). Kártyaállítás max. 120, magyarázat max. 280, forgó tény max. 120 karakter.
A22: Típus-válasz | B22: teny_tevhit típusnál a helyes válasz TENY vagy TEVHIT; normalis_orvos típusnál NORMALIS vagy ORVOS. Ha nem illik össze, a sor pirosra vált.
A24: TARTALMI HATÁROK
A25: Nem diagnózis | B25: A játék tájékoztat, nem diagnosztizál. A normalis_orvos kártyák alatt mindig megjelenik a Feliratok fül „orvos_lablec” szövege (nőgyógyász + szakértőlista).
A26: Gyógyszerek | B26: Gyógyszernév és adagolás nem kerülhet a játékba.
A27: Étrend | B27: Étrendi állítás csak „a Kisokos szerint” kerettel.
A28: Gyerekek | B28: A vásáron gyerekek is lehetnek: szexualitásról csak általános szinten.
A30: KÖZZÉTÉTEL
A31: Egyszer kell | B31: Google Táblázatban: Fájl → Megosztás → Közzététel az interneten. Válaszd ki egyenként a 6 tartalmi fület, formátum: CSV. A kapott 6 linket küldd el a fejlesztőnek (vagy írd a config fájlba).
A32: Frissülés | B32: Szerkesztés után a változás kb. 5–10 percen belül jelenik meg a tableten (a Google is gyorsítótáraz). Ha nincs internet, a tablet az utoljára betöltött tartalommal fut tovább.

Sheet Kartyak
A1: id | B1: aktiv | C1: tipus | D1: allitas | E1: helyes_valasz | F1: magyarazat | G1: forras | H1: megjegyzes
A2: K-001 | B2: IGEN | C2: teny_tevhit | D2: A nagyon erős menstruációs fájdalom természetes, ki kell bírni. | E2: TEVHIT | F2: Kellemetlen lehet, de ha ellehetetleníti a mindennapokat, az nem normális. A fájdalmas menstruációval élők közül minden második nőnél endometriózis áll a háttérben. | G2: Mensi box, Tévhitek
A3: K-002 | B3: IGEN | C3: teny_tevhit | D3: Az endometriózis a termékeny korú nők kb. 10–15%-át érinti. | E3: TENY | F3: Magyarországon több mint 200 000 nő él vele – vagyis nagy eséllyel a te környezetedben is van érintett. | G3: Kisokos, Endometriózisról
A4: K-003 | B4: IGEN | C4: teny_tevhit | D4: Minél erősebb a fájdalom, annál súlyosabb az endometriózis. | E4: TEVHIT | F4: Nincs szoros összefüggés: enyhe forma is okozhat erős panaszt, a súlyos forma pedig akár tünetmentes is lehet. | G4: Kisokos, Endometriózisról
A5: K-004 | B5: IGEN | C5: teny_tevhit | D5: Az endometriózis lehet teljesen tünetmentes is. | E5: TENY | F5: Ilyenkor gyakran csak a teherbeesés nehézsége hívja fel rá a figyelmet. | G5: Kisokos, Endometriózisról
A6: K-005 | B6: IGEN | C6: teny_tevhit | D6: Az endometriózis diagnózisához mindig műtét kell. | E6: TEVHIT | F6: A 2022-es európai (ESHRE) irányelv szerint ma már nem mindig: nőgyógyászati vizsgálat és hüvelyi ultrahang, néha MRI is sokat elárul. Egyes formák viszont csak műtéttel igazolhatók. | G6: Kisokos, Endometriózisról | H6: A források eltérését a kivonat javaslata szerint fogalmaztuk
A7: K-006 | B7: IGEN | C7: teny_tevhit | D7: Az endometriózis pontos oka ismert. | E7: TEVHIT | F7: Pontos oka nem ismert. Valószínűleg genetikai és környezeti tényezők együtt játszanak szerepet. | G7: Kisokos, Endometriózisról
A8: K-007 | B8: IGEN | C8: teny_tevhit | D8: Az endometriózis csak a méhet érintheti. | E8: TEVHIT | F8: A méhnyálkahártyához hasonló szövet a méh üregén kívül jelenik meg: leggyakrabban a petefészken és a hashártyán, de a belet, a húgyhólyagot, ritkán a rekeszizmot is érintheti. | G8: Kisokos, Endometriózisról
A9: K-008 | B9: IGEN | C9: teny_tevhit | D9: Menstruáció alatt is lehet sportolni és úszni. | E9: TENY | F9: Biztonságos, és még a görcsöket is csökkentheti. Menstruálva olimpiai aranyat is nyertek már. | G9: Mensi box, Tévhitek
A10: K-009 | B10: IGEN | C10: teny_tevhit | D10: A menstruációs vérrel méreganyagok távoznak a testből. | E10: TEVHIT | F10: A menstruációs vér egyszerű vér, kevés szövettel és hüvelyváladékkal. Nincs benne méreg, nem „tisztulás”. | G10: Mensi box, Tévhitek
A11: K-010 | B11: IGEN | C11: teny_tevhit | D11: A menstruáció kínos téma, jobb nem beszélni róla. | E11: TEVHIT | F11: A Föld népességének fele menstruál, menstruált vagy fog. Nyugodtan nevezd nevén – a hallgatás csak késlelteti, hogy valaki segítséget kérjen. | G11: Mensi box, Tévhitek
A12: K-011 | B12: IGEN | C12: teny_tevhit | D12: Az első években a rendszertelen ciklus teljesen normális lehet. | E12: TENY | F12: Az első években nem minden hónapban van peteérés, ezért a ciklus 21 és 45 nap között bármilyen lehet. A testnek „be kell gyakorolnia”. | G12: Mensi box, Mi normális és mi nem
A13: K-012 | B13: IGEN | C13: teny_tevhit | D13: Magyarországon átlagosan 4 év telik el az első tünetektől a diagnózisig. | E13: TENY | F13: Közép-Európában 4–10 év. Ez idő alatt sokan azt hallják: „ez csak menstruációs fájdalom”. Az alapítvány azért dolgozik, hogy ez az idő rövidüljön. | G13: Kisokos, Endometriózisról
A14: K-013 | B14: IGEN | C14: teny_tevhit | D14: Endometriózis csak idősebb, már szült nőknél fordul elő. | E14: TEVHIT | F14: Fiatal, még nem szült nőknél is előfordul, ezért a kamaszkori erős menstruációs fájdalmat sem szabad legyinteni. | G14: Kisokos, Endometriózisról
A15: K-014 | B15: IGEN | C15: teny_tevhit | D15: A női eredetű meddőség hátterében kb. 30%-ban endometriózis áll. | E15: TENY | F15: Ezért a meddőségi kivizsgálásnál mindig gondolni kell rá. A korai felismerés itt is számít. | G15: Kisokos, Endometriózisról
A16: K-015 | B16: IGEN | C16: teny_tevhit | D16: Aki endometriózissal él, annak biztosan nem lehet gyereke. | E16: TEVHIT | F16: Az érintettek kb. 30–40%-ánál fordul elő meddőség – sokuknak tehát lehet gyermeke. Mivel az esélyek az idővel romolhatnak, a korai felismerés fontos. | G16: Kisokos, Endometriózisról
A17: K-016 | B17: IGEN | C17: teny_tevhit | D17: A menstruációs görcs azt jelenti, hogy a méh dolgozik. | E17: TENY | F17: Percenként akár 6-szor is összehúzódhat. Az enyhe, „elmaszatolt” alhasi fájdalom normális – az ágyhoz kötő fájdalom viszont nem. | G17: Mensi box, Mi normális és mi nem
A18: K-017 | B18: IGEN | C18: teny_tevhit | D18: Az endometriózis csak a nőket érinti, a környezetüknek nincs dolga vele. | E18: TEVHIT | F18: A fájdalom a párkapcsolatot, a családot és a munkát is megterheli. Ha tudod, mi ez, megértéssel és bátorítással sokat segíthetsz, hogy valaki időben szakértőhöz jusson. | G18: Kisokos, Endometriózisról | H18: Férfiaknak is szóló kártya
A19: K-018 | B19: IGEN | C19: teny_tevhit | D19: Endometriózisnál a panaszok a menstruáció alatt rendszerint erősebbek. | E19: TENY | F19: A gócok a ciklus hormonjaira reagálnak, ezért erősödnek a panaszok a vérzés idején. Vannak azonban ciklustól független tünetek is. | G19: Kisokos, Endometriózisról
A20: K-019 | B20: IGEN | C20: teny_tevhit | D20: Az alapítvány kisokosa szerint a kezelés mellett az étrend és a mozgás is fontos. | E20: TENY | F20: A Kisokos szerint a gyógyszeres kezelés mellett kiemelten fontos a megfelelő étrend és a rendszeres mozgás. Hatásuk klinikailag nem bizonyított, ezért az étrendet mindig dietetikussal érdemes összeállítani. | G20: Kisokos, Életmód és táplálkozás | H20: Étrendi állítás: csak „a Kisokos szerint” keretben
A21: K-020 | B21: IGEN | C21: teny_tevhit | D21: A menstruáció egy ciklus vége és egyben a következő kezdete. | E21: TENY | F21: A vérzés első napja a ciklus 1. napja. A ciklust az agy és a petefészek hormonális „párbeszéde” irányítja. | G21: Mensi box, Hogyan működik a ciklus
A22: K-101 | B22: IGEN | C22: normalis_orvos | D22: Egy 13 éves lánynál az első két évben a ciklus hol 25, hol 40 napos. | E22: NORMALIS | F22: Az első években 21 és 45 nap között bármi előfordulhat, néha kimarad, néha kétszer jön egy hónapban. Ez természetes. | G22: Mensi box, Mi normális és mi nem
A23: K-102 | B23: IGEN | C23: normalis_orvos | D23: Valakinek menstruáció alatt óránként kell betétet vagy tampont cserélnie, mert átázik. | E23: ORVOS | F23: Ilyen erős vérzéssel – vagy ha kehely, menstruációs bugyi mellett is többször átázik – érdemes nőgyógyászhoz fordulni. | G23: Mensi box, Mi normális és mi nem
A24: K-103 | B24: IGEN | C24: normalis_orvos | D24: Egy felnőtt nő ciklusa 26 és 32 nap között változik. | E24: NORMALIS | F24: Felnőttkorban a 24–38 napos ciklus számít normálisnak, kisebb ingadozás belefér. | G24: Mensi box, Mi normális és mi nem
A25: K-104 | B25: IGEN | C25: normalis_orvos | D25: A vérzés 5 napig tart. | E25: NORMALIS | F25: Tiniknél 2–7 nap, felnőtteknél legfeljebb 8 nap számít normálisnak. | G25: Mensi box, Mi normális és mi nem
A26: K-105 | B26: IGEN | C26: normalis_orvos | D26: Egy felnőtt nő vérzése rendszeresen 10 napig tart. | E26: ORVOS | F26: Felnőtteknél legfeljebb 8 nap vérzés számít normálisnak. Ennél hosszabb vérzéssel érdemes nőgyógyászhoz fordulni. | G26: Mensi box, Mi normális és mi nem
A27: K-106 | B27: IGEN | C27: normalis_orvos | D27: Egy lánynak 15 évesen még nem jött meg az első menstruációja. | E27: ORVOS | F27: A lányok 98%-ánál 15 éves korig megjön az első menstruáció. Ha addig nem, érdemes orvossal átbeszélni. | G27: Mensi box, Mi normális és mi nem
A28: K-107 | B28: IGEN | C28: normalis_orvos | D28: Menstruáció alatt enyhe alhasi és derékfájás jelentkezik. | E28: NORMALIS | F28: A méh ilyenkor dolgozik, percenként akár 6-szor is összehúzódik. Az enyhe, „elmaszatolt” fájdalom normális. | G28: Mensi box, Mi normális és mi nem
A29: K-108 | B29: IGEN | C29: normalis_orvos | D29: A kolléganőd minden hónapban 1–2 napra ágyba kényszerül a menstruációs fájdalomtól. | E29: ORVOS | F29: Ha a fájdalom miatt rendszeresen nem lehet dolgozni, iskolába vagy társaságba menni, az nem normális – endometriózis is állhat mögötte. | G29: Mensi box, Mi normális és mi nem | H29: Férfiaknak is szóló kártya
A30: K-109 | B30: IGEN | C30: normalis_orvos | D30: Kizárt terhesség mellett 90 napja nem jött meg a menstruáció. | E30: ORVOS | F30: Az elmaradó menstruáció leggyakoribb oka a terhesség. Ha ez kizárható, és 90 napja nincs vérzés, érdemes orvoshoz fordulni. | G30: Mensi box, Mi normális és mi nem
A31: K-110 | B31: IGEN | C31: normalis_orvos | D31: Menstruáció alatt a vizelés vagy a székelés rendszeresen erősen fáj. | E31: ORVOS | F31: Ez az endometriózis lehetséges tünetei közé tartozik. Érdemes nőgyógyásszal átbeszélni, lehetőleg endometriózisban jártas szakértővel. | G31: Kisokos, Tünetek
A32: K-111 | B32: IGEN | C32: normalis_orvos | D32: Hónapok óta tartó, a ciklustól független alhasi fájdalom. | E32: ORVOS | F32: A krónikus, ciklustól független kismedencei fájdalom is lehet az endometriózis jele. Ne küzdj egyedül vele: kérj időpontot nőgyógyászhoz. | G32: Kisokos, Tünetek
A33: K-112 | B33: IGEN | C33: normalis_orvos | D33: Menstruáció előtt pár napig enyhe puffadás, mellfeszülés, hangulatingadozás. | E33: NORMALIS | F33: Ez a ciklus második felére (luteális szakasz) jellemző PMS. Enyhe formában gyakori és természetes. | G33: Mensi box, A ciklus négy évszaka
A34: K-113 | B34: IGEN | C34: normalis_orvos | D34: Minden menstruáció idején visszatérő mellkasi vagy vállfájdalom. | E34: ORVOS | F34: Ritkán az endometriózis a rekeszizmot is érintheti, és ilyen ciklushoz kötött panaszt okozhat. Érdemes szakértő orvossal kivizsgáltatni. | G34: Kisokos, Különleges formák
A35: K-114 | B35: IGEN | C35: normalis_orvos | D35: Az első években egy-egy hónapban kimarad a menstruáció. | E35: NORMALIS | F35: Az első években az ovuláció nem minden hónapban jön létre, ezért a vérzés néha kimaradhat. Ez a beállás része. | G35: Mensi box, Mi normális és mi nem

Sheet Csuszkak
A1: id | B1: aktiv | C1: kerdes | D1: min | E1: max | F1: lepes | G1: helyes_ertek | H1: tures | I1: mertekegyseg | J1: magyarazat | K1: forras | L1: megjegyzes
A2: CS-001 | B2: IGEN | C2: Hány nő él endometriózissal Magyarországon? | D2: 0 | E2: 500000 | F2: 10000 | G2: 200000 | H2: 40000 | I2: nő | J2: Több mint 200 000 nő – a termékeny korú nők kb. 10–15%-a. Valószínűleg a te környezetedben is van érintett. | K2: Kisokos, Kulcsszámok
A3: CS-002 | B3: IGEN | C3: Hány év telik el átlagosan a diagnózisig Magyarországon? | D3: 0 | E3: 15 | F3: 1 | G3: 4 | H3: 1 | I3: év | J3: Átlagosan 4 év, Közép-Európában 4–10 év. Közben sokan azt hallják: „ez csak menstruációs fájdalom”. | K3: Kisokos, Kulcsszámok
A4: CS-003 | B4: IGEN | C4: A fájdalmas menstruációval élők hány százalékánál áll endometriózis a háttérben? | D4: 0 | E4: 100 | F4: 5 | G4: 50 | H4: 10 | I4: % | J4: Minden második nőnél. Ezért az erős menstruációs fájdalmat soha nem szabad legyinteni. | K4: Kisokos, Kulcsszámok
A5: CS-004 | B5: IGEN | C5: Percenként hányszor húzódhat össze a méh menstruáció alatt? | D5: 0 | E5: 15 | F5: 1 | G5: 6 | H5: 1 | I5: alkalommal | J5: Akár 6-szor – ezt érezzük görcsnek. Az enyhe fájdalom normális, az ágyhoz kötő nem. | K5: Mensi box, Mi normális és mi nem
A6: CS-005 | B6: IGEN | C6: A lányok hány százalékánál jön meg 15 éves korig az első menstruáció? | D6: 50 | E6: 100 | F6: 1 | G6: 98 | H6: 3 | I6: % | J6: 98%-uknál. Ha 15 évesen még nem jött meg, érdemes orvossal átbeszélni. | K6: Mensi box, Mi normális és mi nem

Sheet Tenyek
A1: id | B1: aktiv | C1: kiemeles | D1: szoveg | E1: forras | F1: megjegyzes
A2: T-001 | B2: IGEN | C2: 200 000+ | D2: nő él endometriózissal Magyarországon. | E2: Kisokos, Endometriózisról
A3: T-002 | B3: IGEN | C3: 4 év | D3: telik el átlagosan az első tünetektől a diagnózisig Magyarországon. | E3: Kisokos, Endometriózisról
A4: T-003 | B4: IGEN | C4: Minden második | D4: fájdalmas menstruációval élő nőnél endometriózis áll a háttérben. | E4: Kisokos, Endometriózisról
A5: T-004 | B5: IGEN | C5: 10–15% | D5: A termékeny korú nők ennyi részét érinti az endometriózis. | E5: Kisokos, Endometriózisról
A6: T-005 | B6: IGEN | D6: Az ágyhoz kötő menstruációs fájdalom nem normális. Nem kell kibírni. | E6: Mensi box, Tévhitek
A7: T-006 | B7: IGEN | C7: ~30% | D7: A női eredetű meddőség hátterében kb. ennyiszer áll endometriózis. | E7: Kisokos, Endometriózisról
A8: T-007 | B8: IGEN | C8: Fele | D8: A Föld népességének fele menstruál, menstruált vagy fog. Beszéljünk róla nyugodtan! | E8: Mensi box, Tévhitek
A9: T-008 | B9: IGEN | D9: Az endometriózis a belet, a húgyhólyagot, ritkán a rekeszizmot is érintheti. | E9: Kisokos, Endometriózisról
A10: T-009 | B10: IGEN | D10: A korai felismerés számít: minél előbb jut valaki szakértőhöz, annál jobb. | E10: Kivonat, Fő üzenetek
A11: T-010 | B11: IGEN | C11: 6 | D11: összehúzódás percenként: ennyit is végezhet a méh menstruáció alatt. | E11: Mensi box

Sheet Feliratok
A1: kulcs | B1: szoveg | C1: hol_jelenik_meg
A2: vonzo_cim | B2: Tudod, min mennek át a körülötted élő nők? | C2: Kezdőképernyő: fő cím a forgó tények fölött
A3: vonzo_felhivas | B3: Érintsd meg a kezdéshez! | C3: Kezdőképernyő: felhívás az indításra (pl. érintsd meg a kezdéshez)
A4: vonzo_alcim | B4: Rövid játék a menstruációról és az endometriózisról – kb. 90 másodperc, előzetes tudás nélkül. | C4: Kezdőképernyő: kisebb szöveg, pl. kör hossza, kinek szól
A5: tipus_teny_tevhit | B5: Tény vagy tévhit? | C5: Kártya tetején: a teny_tevhit típus címe
A6: gomb_teny | B6: Tény | C6: Gomb / jobbra húzás jelentése teny_tevhit kártyán
A7: gomb_tevhit | B7: Tévhit | C7: Gomb / balra húzás jelentése teny_tevhit kártyán
A8: tipus_normalis_orvos | B8: Normális vagy menj orvoshoz? | C8: Kártya tetején: a normalis_orvos típus címe
A9: gomb_normalis | B9: Normális | C9: Gomb / jobbra húzás jelentése normalis_orvos kártyán
A10: gomb_orvos | B10: Menj orvoshoz | C10: Gomb / balra húzás jelentése normalis_orvos kártyán
A11: huzas_tipp | B11: Húzd jobbra vagy balra a kártyát – vagy koppints a gombra. | C11: Első kártyán: rövid tipp, hogy húzni vagy koppintani lehet
A12: tipus_csuszka | B12: Tippeld meg a számot! | C12: Csúszkás kérdés címe
... A24: jogi_megjegyzes | B24: A játék tájékoztató jellegű, nem helyettesíti az orvosi vizsgálatot. Forrás: az alapítvány kiadványai. | C24: Apró szöveg: a játék tájékoztat, nem diagnosztizál

Sheet Zaro
A1: id | B1: aktiv | C1: sorrend | D1: cim | E1: leiras | F1: url | G1: kiemelt_szoveg | H1: megjegyzes
A2: Z-001 | B2: IGEN | C2: 1 | D2: Szakértők és centrumok | E2: Az alapítvány oldalán megtalálod a szakértők listáját és a támogatási lehetőségeket. | F2: https://www.endometriozismagyarorszag.hu | H2: Megbeszélt kezdő link
A3: Z-002 | B3: NEM | C3: 2 | D3: Adó 1% | E3: Ajánld fel adód 1%-át az alapítványnak. | F3: https://www.endometriozismagyarorszag.hu | G3: 18628175-1-43 | H3: Kikapcsolva: döntésre vár, melyik támogatási módot emeljük ki; jobb cél-URL kellene

Sheet Beallitasok
A1: kulcs | B1: ertek | C1: mertekegyseg | D1: leiras
A2: kartyak_szama | B2: 6 | C2: db | D2: Hány kártya (tény/tévhit + normális/orvos) legyen egy körben
A3: csuszkak_szama | B3: 1 | C3: db | D3: Hány csúszkás kérdés legyen egy körben
A4: magyarazat_ido | B4: 6 | C4: mp | D4: Meddig látszik a magyarázat, mielőtt automatikusan továbblép
A5: tetlenseg_ido | B5: 20 | C5: mp | D5: Ennyi érintés nélküli idő után jelenik meg az „Itt vagy még?”
A6: tetlenseg_visszaszamlalas | B6: 10 | C6: mp | D6: Ennyi idő után áll vissza a kezdőképernyőre, ha nincs válasz
A7: zarokepernyo_ido | B7: 45 | C7: mp | D7: Ennyi idő után tér vissza a záróképernyő a kezdőképernyőre
A8: teny_valtas_ido | B8: 7 | C8: mp | D8: Ennyi időnként vált a kezdőképernyő forgó ténye
A9: tartalom_frissites | B9: 5 | C9: perc | D9: Ilyen gyakran olvassa újra a játék ezt a táblázatot
A11: A kék számok javasolt kezdőértékek, szabadon módosíthatók.

Sheet Statisztika
A1: idopont | B1: kor_azonosito | C1: esemeny | D1: elem_id | E1: elem_tipus | F1: valasz | G1: helyes

Sheet Osszesites
A1: Végigjátszott körök | B1: =COUNTIF(Statisztika!C:C,"kor_vege") -> 0
A2: Megválaszolt kérdések | B2: =COUNTIF(Statisztika!C:C,"valasz") -> 0
A3: Helyes válaszok aránya | B3: =IF(B2=0,0,COUNTIFS(Statisztika!C:C,"valasz",Statisztika!G:G,"IGEN")/B2) -> 0
A5: Kártyák és csúszkák szerint (rendezd a „Hibás” oszlop szerint csökkenőbe)
A6: id | B6: Válaszok | C6: Hibás | D6: Hibaarány | E6: Állítás / kérdés
A7: =IF(Kartyak!A2="","",Kartyak!A2) -> K-001 | B7: =IF(A7="","",COUNTIFS(Statisztika!D:D,A7,Statisztika!C:C,"valasz")) -> 0 | C7: =IF(A7="","",COUNTIFS(Statisztika!D:D,A7,Statisztika!G:G,"NEM")) -> 0 | D7: =IF(OR(A7="",B7=0),"",C7/B7) | E7: =IF(A7="","",Kartyak!D2) -> A nagyon erős menstruációs fájdalom természetes, ki kell bírni.
A8: =IF(Kartyak!A3="","",Kartyak!A3) -> K-002 | B8: =IF(A8="","",COUNTIFS(Statisztika!D:D,A8,Statisztika!C:C,"valasz")) -> 0 | C8: =IF(A8="","",COUNTIFS(Statisztika!D:D,A8,Statisztika!G:G,"NEM")) -> 0 | D8: =IF(OR(A8="",B8=0),"",C8/B8) | E8: =IF(A8="","",Kartyak!D3) -> Az endometriózis a termékeny korú nők kb. 10–15%-át érinti.
A9: =IF(Kartyak!A4="","",Kartyak!A4) -> K-003 | B9: =IF(A9="","",COUNTIFS(Statisztika!D:D,A9,Statisztika!C:C,"valasz")) -> 0 | C9: =IF(A9="","",COUNTIFS(Statisztika!D:D,A9,Statisztika!G:G,"NEM")) -> 0 | D9: =IF(OR(A9="",B9=0),"",C9/B9) | E9: =IF(A9="","",Kartyak!D4) -> Minél erősebb a fájdalom, annál súlyosabb az endometriózis.
A10: =IF(Kartyak!A5="","",Kartyak!A5) -> K-004 | B10: =IF(A10="","",COUNTIFS(Statisztika!D:D,A10,Statisztika!C:C,"valasz")) -> 0 | C10: =IF(A10="","",COUNTIFS(Statisztika!D:D,A10,Statisztika!G:G,"NEM")) -> 0 | D10: =IF(OR(A10="",B10=0),"",C10/B10) | E10: =IF(A10="","",Kartyak!D5) -> Az endometriózis lehet teljesen tünetmentes is.
A11: =IF(Kartyak!A6="","",Kartyak!A6) -> K-005 | B11: =IF(A11="","",COUNTIFS(Statisztika!D:D,A11,Statisztika!C:C,"valasz")) -> 0 | C11: =IF(A11="","",COUNTIFS(Statisztika!D:D,A11,Statisztika!G:G,"NEM")) -> 0 | D11: =IF(OR(A11="",B11=0),"",C11/B11) | E11: =IF(A11="","",Kartyak!D6) -> Az endometriózis diagnózisához mindig műtét kell.
A12: =IF(Kartyak!A7="","",Kartyak!A7) -> K-006 | B12: =IF(A12="","",COUNTIFS(Statisztika!D:D,A12,Statisztika!C:C,"valasz")) -> 0 | C12: =IF(A12="","",COUNTIFS(Statisztika!D:D,A12,Statisztika!G:G,"NEM")) -> 0 | D12: =IF(OR(A12="",B12=0),"",C12/B12) | E12: =IF(A12="","",Kartyak!D7) -> Az endometriózis pontos oka ismert.
A13: =IF(Kartyak!A8="","",Kartyak!A8) -> K-007 | B13: =IF(A13="","",COUNTIFS(Statisztika!D:D,A13,Statisztika!C:C,"valasz")) -> 0 | C13: =IF(A13="","",COUNTIFS(Statisztika!D:D,A13,Statisztika!G:G,"NEM")) -> 0 | D13: =IF(OR(A13="",B13=0),"",C13/B13) | E13: =IF(A13="","",Kartyak!D8) -> Az endometriózis csak a méhet érintheti.
A14: =IF(Kartyak!A9="","",Kartyak!A9) -> K-008 | B14: =IF(A14="","",COUNTIFS(Statisztika!D:D,A14,Statisztika!C:C,"valasz")) -> 0 | C14: =IF(A14="","",COUNTIFS(Statisztika!D:D,A14,Statisztika!G:G,"NEM")) -> 0 | D14: =IF(OR(A14="",B14=0),"",C14/B14) | E14: =IF(A14="","",Kartyak!D9) -> Menstruáció alatt is lehet sportolni és úszni.
A15: =IF(Kartyak!A10="","",Kartyak!A10) -> K-009 | B15: =IF(A15="","",COUNTIFS(Statisztika!D:D,A15,Statisztika!C:C,"valasz")) -> 0 | C15: =IF(A15="","",COUNTIFS(Statisztika!D:D,A15,Statisztika!G:G,"NEM")) -> 0 | D15: =IF(OR(A15="",B15=0),"",C15/B15) | E15: =IF(A15="","",Kartyak!D10) -> A menstruációs vérrel méreganyagok távoznak a testből.
A16: =IF(Kartyak!A11="","",Kartyak!A11) -> K-010 | B16: =IF(A16="","",COUNTIFS(Statisztika!D:D,A16,Statisztika!C:C,"valasz")) -> 0 | C16: =IF(A16="","",COUNTIFS(Statisztika!D:D,A16,Statisztika!G:G,"NEM")) -> 0 | D16: =IF(OR(A16="",B16=0),"",C16/B16) | E16: =IF(A16="","",Kartyak!D11) -> A menstruáció kínos téma, jobb nem beszélni róla.
A17: =IF(Kartyak!A12="","",Kartyak!A12) -> K-011 | B17: =IF(A17="","",COUNTIFS(Statisztika!D:D,A17,Statisztika!C:C,"valasz")) -> 0 | C17: =IF(A17="","",COUNTIFS(Statisztika!D:D,A17,Statisztika!G:G,"NEM")) -> 0 | D17: =IF(OR(A17="",B17=0),"",C17/B17) | E17: =IF(A17="","",Kartyak!D12) -> Az első években a rendszertelen ciklus teljesen normális lehet.
A18: =IF(Kartyak!A13="","",Kartyak!A13) -> K-012 | B18: =IF(A18="","",COUNTIFS(Statisztika!D:D,A18,Statisztika!C:C,"valasz")) -> 0 | C18: =IF(A18="","",COUNTIFS(Statisztika!D:D,A18,Statisztika!G:G,"NEM")) -> 0 | D18: =IF(OR(A18="",B18=0),"",C18/B18) | E18: =IF(A18="","",Kartyak!D13) -> Magyarországon átlagosan 4 év telik el az első tünetektől a diagnózisig.
... A156: =IF(Kartyak!A151="","",Kartyak!A151) | B156: =IF(A156="","",COUNTIFS(Statisztika!D:D,A156,Statisztika!C:C,"valasz")) | C156: =IF(A156="","",COUNTIFS(Statisztika!D:D,A156,Statisztika!G:G,"NEM")) | D156: =IF(OR(A156="",B156=0),"",C156/B156) | E156: =IF(A156="","",Kartyak!D151)
A157: =IF(Csuszkak!A2="","",Csuszkak!A2) -> CS-001 | B157: =IF(A157="","",COUNTIFS(Statisztika!D:D,A157,Statisztika!C:C,"valasz")) -> 0 | C157: =IF(A157="","",COUNTIFS(Statisztika!D:D,A157,Statisztika!G:G,"NEM")) -> 0 | D157: =IF(OR(A157="",B157=0),"",C157/B157) | E157: =IF(A157="","",Csuszkak!C2) -> Hány nő él endometriózissal Magyarországon?
A158: =IF(Csuszkak!A3="","",Csuszkak!A3) -> CS-002 | B158: =IF(A158="","",COUNTIFS(Statisztika!D:D,A158,Statisztika!C:C,"valasz")) -> 0 | C158: =IF(A158="","",COUNTIFS(Statisztika!D:D,A158,Statisztika!G:G,"NEM")) -> 0 | D158: =IF(OR(A158="",B158=0),"",C158/B158) | E158: =IF(A158="","",Csuszkak!C3) -> Hány év telik el átlagosan a diagnózisig Magyarországon?
A159: =IF(Csuszkak!A4="","",Csuszkak!A4) -> CS-003 | B159: =IF(A159="","",COUNTIFS(Statisztika!D:D,A159,Statisztika!C:C,"valasz")) -> 0 | C159: =IF(A159="","",COUNTIFS(Statisztika!D:D,A159,Statisztika!G:G,"NEM")) -> 0 | D159: =IF(OR(A159="",B159=0),"",C159/B159) | E159: =IF(A159="","",Csuszkak!C4) -> A fájdalmas menstruációval élők hány százalékánál áll endometriózis a háttérben?
A160: =IF(Csuszkak!A5="","",Csuszkak!A5) -> CS-004 | B160: =IF(A160="","",COUNTIFS(Statisztika!D:D,A160,Statisztika!C:C,"valasz")) -> 0 | C160: =IF(A160="","",COUNTIFS(Statisztika!D:D,A160,Statisztika!G:G,"NEM")) -> 0 | D160: =IF(OR(A160="",B160=0),"",C160/B160) | E160: =IF(A160="","",Csuszkak!C5) -> Percenként hányszor húzódhat össze a méh menstruáció alatt?
A161: =IF(Csuszkak!A6="","",Csuszkak!A6) -> CS-005 | B161: =IF(A161="","",COUNTIFS(Statisztika!D:D,A161,Statisztika!C:C,"valasz")) -> 0 | C161: =IF(A161="","",COUNTIFS(Statisztika!D:D,A161,Statisztika!G:G,"NEM")) -> 0 | D161: =IF(OR(A161="",B161=0),"",C161/B161) | E161: =IF(A161="","",Csuszkak!C6) -> A lányok hány százalékánál jön meg 15 éves korig az első menstruáció?
A162: =IF(Csuszkak!A7="","",Csuszkak!A7) | B162: =IF(A162="","",COUNTIFS(Statisztika!D:D,A162,Statisztika!C:C,"valasz")) | C162: =IF(A162="","",COUNTIFS(Statisztika!D:D,A162,Statisztika!G:G,"NEM")) | D162: =IF(OR(A162="",B162=0),"",C162/B162) | E162: =IF(A162="","",Csuszkak!C7)
A163: =IF(Csuszkak!A8="","",Csuszkak!A8) | B163: =IF(A163="","",COUNTIFS(Statisztika!D:D,A163,Statisztika!C:C,"valasz")) | C163: =IF(A163="","",COUNTIFS(Statisztika!D:D,A163,Statisztika!G:G,"NEM")) | D163: =IF(OR(A163="",B163=0),"",C163/B163) | E163: =IF(A163="","",Csuszkak!C8)
A164: =IF(Csuszkak!A9="","",Csuszkak!A9) | B164: =IF(A164="","",COUNTIFS(Statisztika!D:D,A164,Statisztika!C:C,"valasz")) | C164: =IF(A164="","",COUNTIFS(Statisztika!D:D,A164,Statisztika!G:G,"NEM")) | D164: =IF(OR(A164="",B164=0),"",C164/B164) | E164: =IF(A164="","",Csuszkak!C9)
A165: =IF(Csuszkak!A10="","",Csuszkak!A10) | B165: =IF(A165="","",COUNTIFS(Statisztika!D:D,A165,Statisztika!C:C,"valasz")) | C165: =IF(A165="","",COUNTIFS(Statisztika!D:D,A165,Statisztika!G:G,"NEM")) | D165: =IF(OR(A165="",B165=0),"",C165/B165) | E165: =IF(A165="","",Csuszkak!C10)
A166: =IF(Csuszkak!A11="","",Csuszkak!A11) | B166: =IF(A166="","",COUNTIFS(Statisztika!D:D,A166,Statisztika!C:C,"valasz")) | C166: =IF(A166="","",COUNTIFS(Statisztika!D:D,A166,Statisztika!G:G,"NEM")) | D166: =IF(OR(A166="",B166=0),"",C166/B166) | E166: =IF(A166="","",Csuszkak!C11)
A167: =IF(Csuszkak!A12="","",Csuszkak!A12) | B167: =IF(A167="","",COUNTIFS(Statisztika!D:D,A167,Statisztika!C:C,"valasz")) | C167: =IF(A167="","",COUNTIFS(Statisztika!D:D,A167,Statisztika!G:G,"NEM")) | D167: =IF(OR(A167="",B167=0),"",C167/B167) | E167: =IF(A167="","",Csuszkak!C12)
A168: =IF(Csuszkak!A13="","",Csuszkak!A13) | B168: =IF(A168="","",COUNTIFS(Statisztika!D:D,A168,Statisztika!C:C,"valasz")) | C168: =IF(A168="","",COUNTIFS(Statisztika!D:D,A168,Statisztika!G:G,"NEM")) | D168: =IF(OR(A168="",B168=0),"",C168/B168) | E168: =IF(A168="","",Csuszkak!C13)
... A306: =IF(Csuszkak!A151="","",Csuszkak!A151) | B306: =IF(A306="","",COUNTIFS(Statisztika!D:D,A306,Statisztika!C:C,"valasz")) | C306: =IF(A306="","",COUNTIFS(Statisztika!D:D,A306,Statisztika!G:G,"NEM")) | D306: =IF(OR(A306="",B306=0),"",C306/B306) | E306: =IF(A306="","",Csuszkak!C151)
